<?xml version="1.0" encoding="UTF-8"?>
<Configuration status="WARN">
    
	<Properties>
	<Property name="basePath">./logs</Property>
	</Properties>

  <Appenders>
	  <!-- <RollingFile name="File" fileName="${basePath}/prints.log" filePattern="${basePath}/prints-%d{yyyy-MM-dd}.log">-->
	  <RollingFile name="File" fileName="D:/ALU_LMS_Workspace/ALU_LMS_Test_Log/prints.log" filePattern="D:/ALU_LMS_Workspace/ALU_LMS_Test_Log/prints-%d{yyyy-MM-dd}.log">
	     <PatternLayout pattern="%d{HH:mm:ss.SSS} [%t] %-5level %logger{36} - %msg%n"/>
	      <SizeBasedTriggeringPolicy size="5MB" />
	   </RollingFile>
	  
	    <Console name="Console" target="SYSTEM_OUT">
	      <PatternLayout pattern="%d{HH:mm:ss.SSS} [%t] %-5level %logger{36} - %msg%n"/>
	    </Console>
  </Appenders>
  <Loggers>
    <Root level="trace">
      <AppenderRef ref="File"/>
    </Root>
  </Loggers>
</Configuration>


